"Jahr","Saison","Bern_Mitteltemperatur","Bern_Niederschlagssumme","GrStBernhard_Mitteltemperatur","GrStBernhard_Niederschlagssumme"
1901,"Fruehling(MAM)",7.73333333333333,277.8,-4,494.7
1901,"Herbst(SON)",7.4,244.9,-0.8,520.8
1901,"Sommer(JJA)",16.8,381.1,6.3,285.2
1901,"Winter(DJF)",-2.73333333333333,112.4,-10.6,356.2
1902,"Fruehling(MAM)",7.53333333333333,323.2,-3.63333333333333,448.1
1902,"Herbst(SON)",7.46666666666667,231.7,-1,335.6
1902,"Sommer(JJA)",16.4666666666667,295.9,5.3,242.7
1902,"Winter(DJF)",-0.8,193.9,-7.4,341.2
1903,"Fruehling(MAM)",7.43333333333333,177.6,-4.46666666666667,409.7
1903,"Herbst(SON)",8.76666666666667,267.3,-0.466666666666667,507.1
1903,"Sommer(JJA)",15.6333333333333,394.1,5.16666666666667,394.8
1903,"Winter(DJF)",-1.06666666666667,139.2,-7.4,262.2
1904,"Fruehling(MAM)",8.96666666666667,251.3,-2.26666666666667,327.8
1904,"Herbst(SON)",7.4,149,-1.06666666666667,201.1
1904,"Sommer(JJA)",18.4666666666667,250.3,7.33333333333333,278.7
1904,"Winter(DJF)",-0.533333333333333,231.1,-8.23333333333333,411.6
1905,"Fruehling(MAM)",7.86666666666667,383.9,-3.4,512.6
1905,"Herbst(SON)",6.63333333333333,334.8,-2.86666666666667,535.7
1905,"Sommer(JJA)",17.7666666666667,446.1,6.4,490.7
1905,"Winter(DJF)",-1.5,96.3,-8.4,178.8
1906,"Fruehling(MAM)",7.6,194.9,-3.9,381.9
1906,"Herbst(SON)",9.13333333333333,151.2,0.933333333333333,365.9
1906,"Sommer(JJA)",17.2666666666667,219.3,6.4,140.5
1906,"Winter(DJF)",-1.56666666666667,210.4,-10.4666666666667,433.5
1907,"Fruehling(MAM)",7.33333333333333,217.3,-4.33333333333333,373.6
1907,"Herbst(SON)",9.06666666666667,166,0.2,571.5
1907,"Sommer(JJA)",16.2333333333333,340.9,5.93333333333333,393.8
1907,"Winter(DJF)",-1.3,216.8,-8.73333333333333,381.8
1908,"Fruehling(MAM)",7.46666666666667,234.6,-4.43333333333333,373.7
1908,"Herbst(SON)",7.33333333333333,187.9,0.466666666666667,238
1908,"Sommer(JJA)",16.7666666666667,358.5,5.6,288.1
1908,"Winter(DJF)",-1.8,161.2,-8.06666666666667,317.5
1909,"Fruehling(MAM)",7.53333333333333,186.4,-3.86666666666667,304.6
1909,"Herbst(SON)",7.9,216.7,-1.3,322.3
1909,"Sommer(JJA)",15.3,372.4,4.3,423.7
1909,"Winter(DJF)",-1.8,198,-9.23333333333333,397
1910,"Fruehling(MAM)",7.26666666666667,214.4,-4.6,333.1
1910,"Herbst(SON)",7.63333333333333,297.4,-2.03333333333333,648.8
1910,"Sommer(JJA)",15.8666666666667,449.8,4.7,302.7
1910,"Winter(DJF)",0.666666666666667,307.6,-8.23333333333333,562.9
1911,"Fruehling(MAM)",7.76666666666667,232.4,-4,292.1
1911,"Herbst(SON)",9.66666666666667,201.6,0.433333333333333,438.9
1911,"Sommer(JJA)",18.9333333333333,163.5,7.4,252.1
1911,"Winter(DJF)",-1,170.5,-7.13333333333333,292.5
1912,"Fruehling(MAM)",8.86666666666667,199.4,-2.93333333333333,427.9
1912,"Herbst(SON)",5.43333333333333,245.4,-3.23333333333333,343.9
1912,"Sommer(JJA)",15.2666666666667,476.8,4.2,443.6
1912,"Winter(DJF)",1.1,154.4,-5.5,336.3
1913,"Fruehling(MAM)",8.43333333333333,269.7,-3.03333333333333,504.3
1913,"Herbst(SON)",9.3,311.3,0.233333333333333,537.9
1913,"Sommer(JJA)",15.3333333333333,227.9,4.5,268.2
1913,"Winter(DJF)",0.366666666666667,144.7,-7.56666666666667,333
1914,"Fruehling(MAM)",8.46666666666667,362.6,-2.6,779.8
1914,"Herbst(SON)",7.7,155,-1.4,381.2
1914,"Sommer(JJA)",15.6,446.5,4.43333333333333,404
1914,"Winter(DJF)",-0.766666666666667,149.6,-7.4,332.3
1915,"Fruehling(MAM)",7.9,279.5,-3.16666666666667,321.9
1915,"Herbst(SON)",6.2,212.4,-2.7,361.1
1915,"Sommer(JJA)",16.5333333333333,427.7,5.66666666666667,372.7
1915,"Winter(DJF)",1.13333333333333,235.9,-9.06666666666667,514
1916,"Fruehling(MAM)",8.36666666666667,252.3,-3.2,468.8
1916,"Herbst(SON)",7.6,246.2,-1.3,428.1
1916,"Sommer(JJA)",15.2666666666667,490.1,4.63333333333333,268.9
1916,"Winter(DJF)",1.33333333333333,284.1,-7.6,539.4
1917,"Fruehling(MAM)",7.23333333333333,277,-4.7,427.3
1917,"Herbst(SON)",8.33333333333333,273,-0.366666666666667,396.3
1917,"Sommer(JJA)",17.0333333333333,327.2,6.1,400.3
1917,"Winter(DJF)",-3.7,69.7,-10.6333333333333,156.4
1918,"Fruehling(MAM)",8.36666666666667,182.1,-3.46666666666667,529.2
1918,"Herbst(SON)",7.7,321.7,-0.633333333333333,631.6
1918,"Sommer(JJA)",15.9333333333333,256.6,5.1,429
1918,"Winter(DJF)",0.633333333333333,210.9,-6.36666666666667,706.2
1919,"Fruehling(MAM)",7.03333333333333,247.3,-4.3,355.4
1919,"Herbst(SON)",7.46666666666667,232.2,-2.63333333333333,463.5
1919,"Sommer(JJA)",16.5666666666667,229,5.3,201
1919,"Winter(DJF)",-0.0666666666666666,288,-8.9,458.3
1920,"Fruehling(MAM)",9.66666666666667,222.5,-1.03333333333333,603.6
1920,"Herbst(SON)",7.86666666666667,136.8,-0.1,461.9
1920,"Sommer(JJA)",16.0333333333333,273.9,5.46666666666667,341.3
1920,"Winter(DJF)",1.46666666666667,137.4,-6.16666666666667,497.6
1921,"Fruehling(MAM)",8.5,241.3,-2.83333333333333,392.5
1921,"Herbst(SON)",8.6,166.6,1.8,189.7
1921,"Sommer(JJA)",17.7333333333333,259.8,6.8,406.8
1921,"Winter(DJF)",1.26666666666667,57.7,-6.66666666666667,216.1
1922,"Fruehling(MAM)",8.46666666666667,319.4,-2.8,753.8
1922,"Herbst(SON)",6.4,278.6,-1.76666666666667,545
1922,"Sommer(JJA)",16.1666666666667,444.8,6,491.1
1922,"Winter(DJF)",-0.433333333333333,267.1,-8.16666666666667,686.4
1923,"Fruehling(MAM)",8.23333333333333,242.8,-3.13333333333333,488.8
1923,"Herbst(SON)",8.83333333333333,444,0,583.5
1923,"Sommer(JJA)",16.8,203.8,6.5,290.4
1923,"Winter(DJF)",0.566666666666667,250.2,-8.63333333333333,661.3
1924,"Fruehling(MAM)",8.33333333333333,311.6,-2.33333333333333,504.3
1924,"Herbst(SON)",8.5,180.1,0.333333333333333,427.3
1924,"Sommer(JJA)",15.5666666666667,315.5,5.23333333333333,522.6
1924,"Winter(DJF)",-1.8,78.4,-8.3,290.1
1925,"Fruehling(MAM)",7.16666666666667,281.3,-4.26666666666667,648.4
1925,"Herbst(SON)",7.36666666666667,216.4,-1.36666666666667,391.1
1925,"Sommer(JJA)",16.4666666666667,283,5.83333333333333,434.9
1925,"Winter(DJF)",1.03333333333333,232.1,-7.56666666666667,457.2
1926,"Fruehling(MAM)",8.2,279.6,-3.73333333333333,660.4
1926,"Herbst(SON)",9.76666666666667,305.2,0.6,629.1
1926,"Sommer(JJA)",15.6,301.8,4.5,429.1
1926,"Winter(DJF)",0.8,137.9,-7.36666666666667,560.1
1927,"Fruehling(MAM)",9.03333333333333,287.8,-3.2,609.5
1927,"Herbst(SON)",8.36666666666667,198.9,-0.166666666666667,502
1927,"Sommer(JJA)",16.4666666666667,497.7,5.43333333333333,589.2
1927,"Winter(DJF)",-0.533333333333333,163.1,-8.76666666666667,500.7
1928,"Fruehling(MAM)",7.7,250.4,-4.66666666666667,645
1928,"Herbst(SON)",8.86666666666667,318.6,-0.666666666666667,805.4
1928,"Sommer(JJA)",18.4333333333333,286.8,7.93333333333333,195.5
1928,"Winter(DJF)",1.16666666666667,172,-8.36666666666667,493.1
1929,"Fruehling(MAM)",7.46666666666667,161.1,-3.53333333333333,290.6
1929,"Herbst(SON)",9.83333333333333,212.2,0.133333333333333,327.3
1929,"Sommer(JJA)",17.4333333333333,272.1,6.36666666666667,515.6
1929,"Winter(DJF)",-2.96666666666667,159.1,-10.4666666666667,415.1
1930,"Fruehling(MAM)",8.33333333333333,348.3,-3.76666666666667,830.7
1930,"Herbst(SON)",9.7,363.1,0.166666666666667,844.6
1930,"Sommer(JJA)",17.1,473.3,6.1,426.9
1930,"Winter(DJF)",1.1,106.8,-8.13333333333333,404
1931,"Fruehling(MAM)",7.8,289.1,-3.46666666666667,548.9
1931,"Herbst(SON)",7.4,164.5,-1.23333333333333,448.1
1931,"Sommer(JJA)",16.5666666666667,505.9,6.26666666666667,431.9
1931,"Winter(DJF)",-0.5,178.1,-9.96666666666667,524.9
1932,"Fruehling(MAM)",6.76666666666667,324.2,-5.5,851.2
1932,"Herbst(SON)",9.8,190,0.466666666666667,433.2
1932,"Sommer(JJA)",16.7333333333333,395.1,5.36666666666667,466.1
1932,"Winter(DJF)",-1.03333333333333,47.9,-7.56666666666667,312.8
1933,"Fruehling(MAM)",8.3,227.3,-3.4,631.1
1933,"Herbst(SON)",8.73333333333333,248.8,-1.46666666666667,725
1933,"Sommer(JJA)",16.8333333333333,290.2,5.9,398.6
1933,"Winter(DJF)",-2.1,72.3,-9.8,342.5
1934,"Fruehling(MAM)",9.63333333333333,122.3,-1.93333333333333,564.6
1934,"Herbst(SON)",8.7,194,0.3,568.2
1934,"Sommer(JJA)",16.9666666666667,421.2,6.26666666666667,479.3
1934,"Winter(DJF)",0.933333333333333,113.2,-6.16666666666667,470.3
1935,"Fruehling(MAM)",7.26666666666667,265.6,-5.1,671.3
1935,"Herbst(SON)",9.3,342.6,0.0666666666666667,790.5
1935,"Sommer(JJA)",17.6,318.7,6.9,410
1935,"Winter(DJF)",-0.4,290.3,-9.7,891.1
1936,"Fruehling(MAM)",8.8,283.8,-3.2,643.9
1936,"Herbst(SON)",7.56666666666667,288.7,-1.46666666666667,613.1
1936,"Sommer(JJA)",16.0333333333333,418.9,5.53333333333333,309.3
1936,"Winter(DJF)",2.06666666666667,229.2,-7.1,831.9
1937,"Fruehling(MAM)",8.5,362.5,-3.93333333333333,707.4
1937,"Herbst(SON)",8.03333333333333,192.3,-0.233333333333333,684.7
1937,"Sommer(JJA)",17.3,328,6.3,371.4
1937,"Winter(DJF)",1.26666666666667,248.8,-7.7,776.3
1938,"Fruehling(MAM)",7.83333333333333,141.8,-3.46666666666667,353.7
1938,"Herbst(SON)",9.4,189.7,1.36666666666667,490.9
1938,"Sommer(JJA)",16.8666666666667,556.7,6.5,519.1
1938,"Winter(DJF)",-0.533333333333333,129.8,-8.26666666666667,563.6
1939,"Fruehling(MAM)",6.83333333333333,327.7,-4.96666666666667,839.2
1939,"Herbst(SON)",8.73333333333333,348.9,-0.366666666666667,705.2
1939,"Sommer(JJA)",16.2333333333333,323,5.66666666666667,433.3
1939,"Winter(DJF)",0.1,109.3,-7.46666666666667,513.1
1940,"Fruehling(MAM)",8.36666666666667,229.5,-3.4,668.5
1940,"Herbst(SON)",8.86666666666667,407.6,-0.366666666666667,745.9
1940,"Sommer(JJA)",15.4666666666667,401.9,5.03333333333333,500.9
1940,"Winter(DJF)",-2.9,106.8,-9.13333333333333,615.2
1941,"Fruehling(MAM)",6.7,278.6,-4.5,726.7
1941,"Herbst(SON)",7.7,100.1,-1.16666666666667,471.7
1941,"Sommer(JJA)",16.8333333333333,327.2,5.7,441.8
1941,"Winter(DJF)",-1,86.9,-8.66666666666667,561.2
1942,"Fruehling(MAM)",8.43333333333333,188.6,-2,460.1
1942,"Herbst(SON)",9.23333333333333,209,1.06666666666667,552
1942,"Sommer(JJA)",16.8666666666667,297.8,6.7,400.6
1942,"Winter(DJF)",-3.06666666666667,95.1,-10.1,442.4
1943,"Fruehling(MAM)",9.7,179.7,-1.33333333333333,554.4
1943,"Herbst(SON)",8.96666666666667,201.4,0.366666666666667,464.6
1943,"Sommer(JJA)",17.2,301.9,6.86666666666667,368.6
1943,"Winter(DJF)",0.433333333333333,107.9,-7.3,592.8
1944,"Fruehling(MAM)",8,103.1,-3.4,341.6
1944,"Herbst(SON)",7.76666666666667,396.1,-1.73333333333333,1035.7
1944,"Sommer(JJA)",17.3666666666667,334.6,6.6,455.2
1944,"Winter(DJF)",-1.03333333333333,181.9,-8.86666666666667,520.5
1945,"Fruehling(MAM)",10.2,192.5,-1.13333333333333,441.9
1945,"Herbst(SON)",8.13333333333333,143.1,0.0666666666666665,361.4
1945,"Sommer(JJA)",18.0333333333333,278.9,7.26666666666667,411.4
1945,"Winter(DJF)",-1.06666666666667,138.5,-8.73333333333333,755.6
1946,"Fruehling(MAM)",9.66666666666667,177.5,-1.66666666666667,367.6
1946,"Herbst(SON)",8.23333333333333,203,0.566666666666667,247.2
1946,"Sommer(JJA)",16.5666666666667,473.1,6.13333333333333,537.3
1946,"Winter(DJF)",-0.333333333333333,117.6,-8.93333333333333,641.1
1947,"Fruehling(MAM)",10.1,201.6,-0.866666666666667,709.5
1947,"Herbst(SON)",10.7333333333333,161,1.76666666666667,524.5
1947,"Sommer(JJA)",19.7333333333333,177.3,8.8,259.9
1947,"Winter(DJF)",-1.2,132.9,-9.8,502.7
1948,"Fruehling(MAM)",10.3666666666667,139.6,-1.03333333333333,481.8
1948,"Herbst(SON)",8.86666666666667,158.5,2.2,332.4
1948,"Sommer(JJA)",15.8,455.2,4.86666666666667,591.5
1948,"Winter(DJF)",1.43333333333333,190.8,-6.96666666666667,427.1
1949,"Fruehling(MAM)",8.43333333333333,241.5,-2.7,480.2
1949,"Herbst(SON)",10.5666666666667,148.2,0.766666666666667,441.5
1949,"Sommer(JJA)",18.3,131.5,7.1,266.2
1949,"Winter(DJF)",1.06666666666667,111.6,-5.73333333333333,219
1950,"Fruehling(MAM)",8.93333333333333,252.6,-2.66666666666667,380.5
1950,"Herbst(SON)",9,431.1,-0.4,560.2
1950,"Sommer(JJA)",18.8333333333333,298,8.2,279
1950,"Winter(DJF)",0.266666666666667,140.1,-8.46666666666667,471.5
1951,"Fruehling(MAM)",7.86666666666667,296.8,-4.6,490.5
1951,"Herbst(SON)",9.33333333333333,236.5,0.1,607.9
1951,"Sommer(JJA)",16.7666666666667,408.8,5.83333333333333,513.1
1951,"Winter(DJF)",0.833333333333333,235.8,-8,483.3
1952,"Fruehling(MAM)",9.83333333333333,236.3,-1.76666666666667,494.5
1952,"Herbst(SON)",7.43333333333333,454.8,-2.9,726.3
1952,"Sommer(JJA)",18.9666666666667,267.9,7.96666666666667,287.5
1952,"Winter(DJF)",-0.7,275.1,-9.63333333333333,566.7
1953,"Fruehling(MAM)",9.7,164.8,-2.03333333333333,371.2
1953,"Herbst(SON)",9,160.5,1.46666666666667,518.2
1953,"Sommer(JJA)",16.6666666666667,326.8,5.43333333333333,561.2
1953,"Winter(DJF)",-0.833333333333333,76.6,-8.3,206
1954,"Fruehling(MAM)",8.2,151.6,-3.73333333333333,523.9
1954,"Herbst(SON)",9.53333333333333,307.7,0.366666666666667,416.1
1954,"Sommer(JJA)",15.9333333333333,415.4,4.56666666666667,525.2
1954,"Winter(DJF)",-0.433333333333333,256.9,-8.6,495.9
1955,"Fruehling(MAM)",7.53333333333333,178.6,-3.53333333333333,312.2
1955,"Herbst(SON)",7.56666666666667,110.4,-0.566666666666667,240
1955,"Sommer(JJA)",16.3,436.5,5.43333333333333,497
1955,"Winter(DJF)",1.33333333333333,364.2,-7,938.6
1956,"Fruehling(MAM)",7.93333333333333,245.2,-4.03333333333333,594.6
1956,"Herbst(SON)",7.83333333333333,219.8,-0.6,382.6
1956,"Sommer(JJA)",15.1,460.1,4.93333333333333,509.9
1956,"Winter(DJF)",-2.5,118.6,-9.96666666666667,332.3
1957,"Fruehling(MAM)",8.76666666666667,141.9,-2.2,423.1
1957,"Herbst(SON)",8.36666666666667,203.7,0.933333333333333,312
1957,"Sommer(JJA)",16.6333333333333,352.8,5.96666666666667,545
1957,"Winter(DJF)",0.166666666666667,226.4,-7,477.6
1958,"Fruehling(MAM)",7.23333333333333,228.1,-4.16666666666667,599.8
1958,"Herbst(SON)",9.16666666666667,215.7,0.9,498
1958,"Sommer(JJA)",16.9,407.1,6.4,457.1
1958,"Winter(DJF)",1.36666666666667,251.8,-7.1,884.6
1959,"Fruehling(MAM)",10.1333333333333,272.1,-2.43333333333333,589.5
1959,"Herbst(SON)",8.83333333333333,161.4,-0.0333333333333333,355.3
1959,"Sommer(JJA)",18.1333333333333,236.5,6.36666666666667,313.3
1959,"Winter(DJF)",1.1,244.3,-7.26666666666667,532.2
1960,"Fruehling(MAM)",9.6,175.2,-2.93333333333333,436.3
1960,"Herbst(SON)",8.7,348.4,-1.03333333333333,930.8
1960,"Sommer(JJA)",16.6666666666667,366.8,5.2,553.3
1960,"Winter(DJF)",0.533333333333333,180,-7.23333333333333,516.3
1961,"Fruehling(MAM)",9.93333333333333,209.6,-2.03333333333333,387
1961,"Herbst(SON)",10.5,163.1,0.933333333333333,443.3
1961,"Sommer(JJA)",17.0333333333333,370,5.9,408
1961,"Winter(DJF)",2.06666666666667,259.4,-5.1,474.3
1962,"Fruehling(MAM)",7.13333333333333,266.2,-5.7,562.7
1962,"Herbst(SON)",8.56666666666667,86.2,-0.4,546.1
1962,"Sommer(JJA)",17.6333333333333,154.9,6.33333333333333,125.9
1962,"Winter(DJF)",-0.566666666666667,273.2,-8.83333333333333,642
1963,"Fruehling(MAM)",8.23333333333333,211,-3.33333333333333,480.1
1963,"Herbst(SON)",10.3333333333333,232.1,0.8,649
1963,"Sommer(JJA)",17.0666666666667,371.8,5.93333333333333,605.7
1963,"Winter(DJF)",-4.5,145.5,-11.2,365.3
1964,"Fruehling(MAM)",9.2,303.5,-2.2,715.3
1964,"Herbst(SON)",9.2,231.4,-0.0666666666666666,500.7
1964,"Sommer(JJA)",18.3,256.9,6.93333333333333,449.4
1964,"Winter(DJF)",-0.6,64.1,-6.86666666666667,206.8
1965,"Fruehling(MAM)",7.86666666666667,356.4,-4.4,687.2
1965,"Herbst(SON)",8.33333333333333,348.4,-0.466666666666667,731.6
1965,"Sommer(JJA)",16.6,444.3,5.7,527.8
1965,"Winter(DJF)",0.4,222.7,-9.3,630
1966,"Fruehling(MAM)",9.26666666666667,269.8,-2.66666666666667,493
1966,"Herbst(SON)",9.76666666666667,182.2,0.233333333333334,567.8
1966,"Sommer(JJA)",16.8666666666667,333.9,5.93333333333333,313.9
1966,"Winter(DJF)",1.7,281.1,-6.4,811.1
1967,"Fruehling(MAM)",8.7,266.6,-3.16666666666667,639.5
1967,"Herbst(SON)",10,221.1,2.06666666666667,332.7
1967,"Sommer(JJA)",17.9,180,6.9,235.1
1967,"Winter(DJF)",0.333333333333333,184.7,-7.8,452.4
1968,"Fruehling(MAM)",9.03333333333333,218,-2.56666666666667,480.3
1968,"Herbst(SON)",9.46666666666667,265,1.63333333333333,547.4
1968,"Sommer(JJA)",16.5,441.1,5.83333333333333,518
1968,"Winter(DJF)",0.1,226.6,-8.26666666666667,762.3
1969,"Fruehling(MAM)",8.86666666666667,207,-3.06666666666667,631
1969,"Herbst(SON)",10,156.8,1.6,328.2
1969,"Sommer(JJA)",16.6666666666667,365.3,5.73333333333333,647.3
1969,"Winter(DJF)",-1.43333333333333,139.9,-9.63333333333333,469.5
1970,"Fruehling(MAM)",6.76666666666667,271.6,-5.2,664.4
1970,"Herbst(SON)",9.73333333333333,219,2,530.1
1970,"Sommer(JJA)",17.9333333333333,357.8,6.66666666666667,391.5
1970,"Winter(DJF)",-0.0333333333333333,210.7,-8.23333333333333,716.9
1971,"Fruehling(MAM)",8.76666666666667,216.2,-3.36666666666667,584.1
1971,"Herbst(SON)",8.8,191.8,1.16666666666667,343.8
1971,"Sommer(JJA)",17.5666666666667,396.9,7.2,456.1
1971,"Winter(DJF)",-0.566666666666667,93.8,-6.5,330
1972,"Fruehling(MAM)",8.66666666666667,234.2,-3,546
1972,"Herbst(SON)",7.93333333333333,286.7,-0.233333333333333,554.4
1972,"Sommer(JJA)",16.2333333333333,303,5.6,423.6
1972,"Winter(DJF)",0.633333333333333,77.1,-7.2,502.6
1973,"Fruehling(MAM)",7.7,175.1,-4.33333333333333,403.5
1973,"Herbst(SON)",9.06666666666667,206.1,0.8,447.4
1973,"Sommer(JJA)",17.8333333333333,444.3,6.83333333333333,630
1973,"Winter(DJF)",-0.366666666666667,124.8,-8.5,469.2
1974,"Fruehling(MAM)",9.3,199.5,-2.23333333333333,518.4
1974,"Herbst(SON)",7.56666666666667,319,-2.26666666666667,763.6
1974,"Sommer(JJA)",17.0333333333333,259.6,6.96666666666667,430.6
1974,"Winter(DJF)",3.23333333333333,151.3,-5.43333333333333,608
1975,"Fruehling(MAM)",8.2,207.5,-2.5,615.7
1975,"Herbst(SON)",9.36666666666667,275.9,1.46666666666667,644.1
1975,"Sommer(JJA)",17,353.9,7.3,447
1975,"Winter(DJF)",1.5,99,-4.43333333333333,362.6
1976,"Fruehling(MAM)",8.76666666666667,122.9,-1.66666666666667,259.8
1976,"Herbst(SON)",9.33333333333333,203.7,-0.2,865.7
1976,"Sommer(JJA)",18.2666666666667,232.1,7.8,397
1976,"Winter(DJF)",0.466666666666667,166.6,-6.86666666666667,457.2
1977,"Fruehling(MAM)",8.66666666666667,375,-2.26666666666667,757.9
1977,"Herbst(SON)",9.56666666666667,201.6,0.466666666666667,687.4
1977,"Sommer(JJA)",16.4666666666667,424.3,5.6,641.2
1977,"Winter(DJF)",2.06666666666667,283.8,-6.3,724.2
1978,"Fruehling(MAM)",7.2,292.9,-3.4,720.4
1978,"Herbst(SON)",7.56666666666667,111.4,2.16666666666667,164.9
1978,"Sommer(JJA)",15.1333333333333,393.6,5.86666666666667,401.1
1978,"Winter(DJF)",0.3,260.3,-7.36666666666667,971
1979,"Fruehling(MAM)",7.26666666666667,301.3,-3.36666666666667,551.6
1979,"Herbst(SON)",8.76666666666667,275.4,1.43333333333333,671.2
1979,"Sommer(JJA)",16.0666666666667,338.7,7.2,412.7
1979,"Winter(DJF)",0.6,326.2,-7.53333333333333,681.6
1980,"Fruehling(MAM)",6.96666666666667,223.3,-4.23333333333333,487.2
1980,"Herbst(SON)",8.1,303.4,1.66666666666667,619.7
1980,"Sommer(JJA)",15.4666666666667,402.3,5.86666666666667,488.7
1980,"Winter(DJF)",-0.0666666666666667,218.9,-7.56666666666667,606.4
1981,"Fruehling(MAM)",9.3,365.1,-0.633333333333333,778.7
1981,"Herbst(SON)",8.8,325.2,0.2,764.7
1981,"Sommer(JJA)",16.3666666666667,243.6,7.7,475.3
1981,"Winter(DJF)",-1.16666666666667,239.2,-8.8,924.9
1982,"Fruehling(MAM)",7.83333333333333,194,-3.83333333333333,588.8
1982,"Herbst(SON)",9.53333333333333,258.8,0.566666666666667,733.3
1982,"Sommer(JJA)",17.1,490.2,7.16666666666667,337.8
1982,"Winter(DJF)",1.4,234.4,-6.5,638.3
1983,"Fruehling(MAM)",7.76666666666667,308,-3.5,992.9
1983,"Herbst(SON)",8.6,316.7,1.93333333333333,520.2
1983,"Sommer(JJA)",18.6333333333333,156.2,7.43333333333333,244.2
1983,"Winter(DJF)",0.133333333333333,150.4,-6.6,589.6
1984,"Fruehling(MAM)",6.23333333333333,197.1,-5.46666666666667,609.1
1984,"Herbst(SON)",9.3,364.8,0.166666666666667,534.6
1984,"Sommer(JJA)",16.6,227.3,5.5,376.5
1984,"Winter(DJF)",0.266666666666667,195.6,-8.5,772.6
1985,"Fruehling(MAM)",7.7,307.1,-4,687.7
1985,"Herbst(SON)",8.56666666666667,158.1,1.13333333333333,311.9
1985,"Sommer(JJA)",16.8333333333333,281.1,6.6,511.8
1985,"Winter(DJF)",-1.66666666666667,241.4,-7.56666666666667,452.3
1986,"Fruehling(MAM)",7.93333333333333,382.9,-2.86666666666667,905.6
1986,"Herbst(SON)",9.4,167.8,1.7,386.9
1986,"Sommer(JJA)",16.8333333333333,364.8,6.43333333333333,427.2
1986,"Winter(DJF)",-1.1,215.9,-9.53333333333333,1031.5
1987,"Fruehling(MAM)",6.53333333333333,313.7,-4.5,627.8
1987,"Herbst(SON)",10.3666666666667,261.1,1.86666666666667,740.8
1987,"Sommer(JJA)",16.4666666666667,479.8,6.23333333333333,531.8
1987,"Winter(DJF)",-0.566666666666667,180.5,-6.3,600.3
1988,"Fruehling(MAM)",8.63333333333333,325.8,-3.16666666666667,951.5
1988,"Herbst(SON)",8.9,253,1.53333333333333,467
1988,"Sommer(JJA)",16.9666666666667,359,6.83333333333333,316.1
1988,"Winter(DJF)",2.06666666666667,197.9,-6.8,1034.6
1989,"Fruehling(MAM)",9.5,259.5,-2.13333333333333,907.9
1989,"Herbst(SON)",8.53333333333333,144.2,0.8,312.9
1989,"Sommer(JJA)",17,255.9,6.4,351.1
1989,"Winter(DJF)",1.2,101.9,-3.83333333333333,491.9
1990,"Fruehling(MAM)",9.3,261.7,-1.93333333333333,440.3
1990,"Herbst(SON)",9.4,404.2,0.3,604.3
1990,"Sommer(JJA)",17.2333333333333,418.5,7,339.9
1990,"Winter(DJF)",1.5,186.4,-5.93333333333333,757.1
1991,"Fruehling(MAM)",7.83333333333333,191,-3.93333333333333,542.8
1991,"Herbst(SON)",9.2,286.2,0.4,593.7
1991,"Sommer(JJA)",17.7666666666667,254.9,7.53333333333333,317.2
1991,"Winter(DJF)",-0.733333333333333,135.8,-7.36666666666667,558.2
1992,"Fruehling(MAM)",9.4,235.3,-1.9,374.1
1992,"Herbst(SON)",9.33333333333333,374.6,0.333333333333333,857.6
1992,"Sommer(JJA)",18,285.7,7.23333333333333,478.4
1992,"Winter(DJF)",-0.2,146.7,-5.43333333333333,405.7
1993,"Fruehling(MAM)",9.2,219,-2.56666666666667,460.8
1993,"Herbst(SON)",7.5,253.6,-1.66666666666667,640.7
1993,"Sommer(JJA)",17.1333333333333,417.9,6.76666666666667,476.2
1993,"Winter(DJF)",1.73333333333333,150.3,-5.7,650.4
1994,"Fruehling(MAM)",9.6,355.2,-1.73333333333333,720.4
1994,"Herbst(SON)",10.0333333333333,288.7,1.33333333333333,684.2
1994,"Sommer(JJA)",19,226.6,8.43333333333333,373.4
1994,"Winter(DJF)",2.56666666666667,216.8,-6.66666666666667,839.8
1995,"Fruehling(MAM)",8.23333333333333,337,-3.3,1089.7
1995,"Herbst(SON)",9.16666666666667,204.7,0.266666666666667,512.1
1995,"Sommer(JJA)",17.6333333333333,288.2,6.33333333333333,301.1
1995,"Winter(DJF)",1.3,392.1,-7.03333333333333,933.3
1996,"Fruehling(MAM)",8.16666666666667,212.1,-3.03333333333333,382
1996,"Herbst(SON)",8.16666666666667,296.5,-1.13333333333333,1142.2
1996,"Sommer(JJA)",16.9,424.6,6.33333333333333,444.9
1996,"Winter(DJF)",-0.166666666666667,118.5,-7.66666666666667,523.6
1997,"Fruehling(MAM)",9.5,148.1,-1.63333333333333,462.6
1997,"Herbst(SON)",9.46666666666667,187.2,1.7,419.1
1997,"Sommer(JJA)",17.3666666666667,376.6,6.36666666666667,652.1
1997,"Winter(DJF)",1.66666666666667,229.5,-5.8,734.6
1998,"Fruehling(MAM)",9.4,185.6,-2.33333333333333,500.7
1998,"Herbst(SON)",8.66666666666667,356.7,-1.43333333333333,734.9
1998,"Sommer(JJA)",18.3333333333333,228.1,7.8,379
1998,"Winter(DJF)",1.43333333333333,113.9,-5.23333333333333,481.5
1999,"Fruehling(MAM)",10.0333333333333,398.8,-2.06666666666667,722.2
1999,"Herbst(SON)",9.53333333333333,287.6,0.366666666666666,532.2
1999,"Sommer(JJA)",17.7333333333333,371.6,6.93333333333333,497.2
1999,"Winter(DJF)",0.833333333333333,259.7,-7.53333333333333,1351.6
2000,"Fruehling(MAM)",10.2333333333333,191.3,-1.63333333333333,605.5
2000,"Herbst(SON)",10.3,246.5,0.266666666666667,1031.4
2000,"Sommer(JJA)",17.7333333333333,390.6,7.06666666666667,475.1
2000,"Winter(DJF)",2.43333333333333,155.3,-6.16666666666667,619
2001,"Fruehling(MAM)",9.9,450.4,-1.83333333333333,866.1
2001,"Herbst(SON)",9.4,277.4,0.266666666666667,433.4
2001,"Sommer(JJA)",18,364.3,7.13333333333333,547.1
2001,"Winter(DJF)",1.53333333333333,185.7,-7.63333333333333,372.3
2002,"Fruehling(MAM)",9.43333333333333,279.4,-2.33333333333333,790.7
2002,"Herbst(SON)",9.26666666666667,434.9,0.0666666666666666,1063.2
2002,"Sommer(JJA)",17.8333333333333,417.6,7.3,611.9
2002,"Winter(DJF)",2.8,184.3,-5.26666666666667,623.7
2003,"Fruehling(MAM)",10,187.4,-1.3,375.3
2003,"Herbst(SON)",8.53333333333333,237.5,0.266666666666667,630.9
2003,"Sommer(JJA)",21.1,222.9,10.5333333333333,271.4
2003,"Winter(DJF)",-0.4,90,-8.66666666666667,667.8
2004,"Fruehling(MAM)",8.33333333333333,189.6,-3.33333333333333,492.3
2004,"Herbst(SON)",9.83333333333333,214.1,1.3,499.8
2004,"Sommer(JJA)",17.3666666666667,373.4,6.93333333333333,404.5
2004,"Winter(DJF)",0.866666666666667,234.4,-6.73333333333333,750
2005,"Fruehling(MAM)",9.03333333333333,252.1,-2.1,607
2005,"Herbst(SON)",9.76666666666667,230.6,0.833333333333333,289.2
2005,"Sommer(JJA)",17.8,243.9,6.96666666666667,468
2005,"Winter(DJF)",-1.3,132.8,-9.46666666666667,689
2006,"Fruehling(MAM)",8.26666666666667,547.7,-2.8,855.9
2006,"Herbst(SON)",11.4,265.9,2.83333333333333,391.7
2006,"Sommer(JJA)",18.2333333333333,268.7,7.16666666666667,403.7
2006,"Winter(DJF)",-0.4,133.3,-7.03333333333333,393.2
2007,"Fruehling(MAM)",10.4666666666667,306.1,-0.633333333333333,512.4
2007,"Herbst(SON)",7.83333333333333,129.5,0.0333333333333334,338
2007,"Sommer(JJA)",17.0333333333333,600.1,6.76666666666667,771.3
2007,"Winter(DJF)",2.56666666666667,254.9,-5.16666666666667,891.6
2008,"Fruehling(MAM)",8.66666666666667,233,-3.06666666666667,715.9
2008,"Herbst(SON)",8.5,261.7,-0.0666666666666666,613.2
2008,"Sommer(JJA)",17.5666666666667,274.8,7.33333333333333,431.7
2008,"Winter(DJF)",1.36666666666667,175.5,-5.46666666666667,558.6
2009,"Fruehling(MAM)",10,187.2,-1.6,591.9
2009,"Herbst(SON)",10.3666666666667,230.8,1.5,376.9
2009,"Sommer(JJA)",18.2333333333333,315.4,8,237.9
2009,"Winter(DJF)",-0.866666666666667,225.8,-8.83333333333333,604.7
2010,"Fruehling(MAM)",8.53333333333333,199.1,-3.13333333333333,620.5
2010,"Herbst(SON)",8.9,166.4,-0.533333333333333,628.6
2010,"Sommer(JJA)",18.1,361.1,7.16666666666667,429
2010,"Winter(DJF)",-1.13333333333333,188.5,-9.8,646.7
2011,"Fruehling(MAM)",11,109.1,-0.233333333333333,438.1
2011,"Herbst(SON)",9.8,157.1,2.66666666666667,526.7
2011,"Sommer(JJA)",17.6333333333333,306.4,6.9,484.8
2011,"Winter(DJF)",2.06666666666667,216.8,-6.3,794.2
2012,"Fruehling(MAM)",9.6,206.7,-1.4,500.8
2012,"Herbst(SON)",9.4,348.3,1.4,496.4
2012,"Sommer(JJA)",18.1666666666667,321.3,8.5,469.1
2012,"Winter(DJF)",-0.4,251.4,-8.36666666666667,988.3
2013,"Fruehling(MAM)",7.13333333333333,311.4,-3.53333333333333,632.5
2013,"Herbst(SON)",9.96666666666667,371.1,0.9,448.3
2013,"Sommer(JJA)",18.2666666666667,257.4,7.3,371.8
2013,"Winter(DJF)",-0.633333333333333,173.1,-7.73333333333333,402.9
2014,"Fruehling(MAM)",9.46666666666667,255.8,-1.56666666666667,548.1
2014,"Herbst(SON)",11,194.3,2.43333333333333,684.7
2014,"Sommer(JJA)",17.1,400.2,6.43333333333333,411.2
2014,"Winter(DJF)",2.46666666666667,183.5,-6.43333333333333,541.2
2015,"Fruehling(MAM)",9.66666666666667,285.4,-1.1,669.2
2015,"Herbst(SON)",9.26666666666667,168.9,1,519.5
2015,"Sommer(JJA)",19.8333333333333,193.4,9.26666666666667,435.1
2015,"Winter(DJF)",1,120.1,-5.3,481.7
2016,"Fruehling(MAM)",8.4,311.5,-3.06666666666667,645.3
2016,"Herbst(SON)",9.4,224.6,0.9,559
2016,"Sommer(JJA)",18.2,308.1,7.9,273.3
2016,"Winter(DJF)",1.66666666666667,211.8,-5,732.6
2017,"Fruehling(MAM)",10.1333333333333,199.6,-0.733333333333333,688.4
2017,"Herbst(SON)",8.93333333333333,157.9,0.633333333333333,290.5
2017,"Sommer(JJA)",19.3,251.9,9.2,330.2
2017,"Winter(DJF)",0.2,244.7,-7.33333333333333,692.5
2018,"Fruehling(MAM)",9.96666666666667,247.2,-1.7,504.9
2018,"Herbst(SON)",10.4,103.3,2.1,595.7
2018,"Sommer(JJA)",19.5333333333333,253.2,8.8,262.6
2018,"Winter(DJF)",2.06666666666667,303.4,-6.96666666666667,1246.5
2019,"Fruehling(MAM)",8.46666666666667,249.5,-3.03333333333333,793.6
2019,"Herbst(SON)",10.2333333333333,311.1,1.3,680.8
2019,"Sommer(JJA)",19.5,279,9.53333333333333,374.4
2019,"Winter(DJF)",1.9,159.7,-5.86666666666667,734
2020,"Fruehling(MAM)",10.1,177.5,-0.433333333333333,388.4
2020,"Herbst(SON)",9.86666666666667,244.9,1.53333333333333,300.2
2020,"Sommer(JJA)",18.3333333333333,374.3,7.83333333333333,255.5
2020,"Winter(DJF)",2.96666666666667,240.5,-5.13333333333333,336.8
2021,"Fruehling(MAM)",7.76666666666667,246.5,-3.66666666666667,465.3
2021,"Herbst(SON)",9.3,96.5,1.23333333333333,294.5
2021,"Sommer(JJA)",18.0333333333333,540.7,7.7,349.7
2021,"Winter(DJF)",1.83333333333333,252.9,-5.8,383.2
2022,"Fruehling(MAM)",10.1333333333333,133.8,-0.7,295
2022,"Herbst(SON)",11.3,338.3,2.33333333333333,362.6
2022,"Sommer(JJA)",20,238.3,10.2666666666667,256.8
2022,"Winter(DJF)",2.23333333333333,184.7,-4.96666666666667,270
2023,"Fruehling(MAM)",9.53333333333333,272.5,-1.66666666666667,388.4
2023,"Herbst(SON)",11.9666666666667,371.2,2.96666666666667,553.3
2023,"Sommer(JJA)",20,203.1,9.2,288.4
2023,"Winter(DJF)",2.7,233.1,-5.33333333333333,228.7
